wt,wtpos,mut,hgvs_pro_uniprot,uni_idx,mut_idx,urn_code,score,at_score,at_score_wt1,norm_at_score,score_posnorm,at_score_posnorm,at_score_wt1_posnorm,norm_at_score_posnorm,hgvs_pro_pdb
A,A349,R,p.Ala349Arg,349,16,urn:mavedb:00000051-a-1,1.2956538954019712,-1.2956538954019712,-0.2956538954019712,0.6916353652637647,0.8300486220734262,-0.8300486220734262,0.16995137792657378,0.7988239162960181,A349
F,F350,R,p.Phe350Arg,350,17,urn:mavedb:00000051-a-1,3.8705744838872738,-3.8705744838872738,-2.8705744838872738,0.05920108898146376,2.168973796823072,-2.168973796823072,-1.1689737968230711,0.395356776982411,F350
I,I351,R,p.Ile351Arg,351,18,urn:mavedb:00000051-a-1,1.3766209837265098,-1.3766209837265098,-0.37662098372650976,0.6707773113158683,2.219509108088196,-2.219509108088196,-1.2195091080881957,0.3850436638428516,I351
I,I352,R,p.Ile352Arg,352,19,urn:mavedb:00000051-a-1,3.877651118792663,-3.877651118792663,-2.877651118792663,0.058756985749327376,3.089839223165567,-3.089839223165567,-2.089839223165567,0.16395871811630094,I352
W,W353,R,p.Trp353Arg,353,20,urn:mavedb:00000051-a-1,1.075810557258315,-1.075810557258315,-0.07581055725831498,0.7514817141307485,0.4622266200989051,-0.4622266200989051,0.5377733799010949,0.9053317677987802,W353
L,L354,R,p.Leu354Arg,354,21,urn:mavedb:00000051-a-1,1.6384283223960503,-1.6384283223960503,-0.6384283223960503,0.5266868168537769,-0.24202117781883656,0.24202117781883656,1.2420211778188366,1.0507410700481388,L354
A,A355,R,p.Ala355Arg,355,22,urn:mavedb:00000051-a-1,3.797194451790375,-3.797194451790375,-2.797194451790375,0.06401662352076573,3.4973155771877336,-3.4973155771877336,-2.4973155771877336,0.09561317734820407,A355
T,T356,R,p.Thr356Arg,356,23,urn:mavedb:00000051-a-1,3.4436454263671323,-3.4436454263671323,-2.4436454263671323,0.10344490668299756,2.800117060963547,-2.800117060963547,-1.8001170609635468,0.2270870591307718,R356
S,S357,R,p.Ser357Arg,357,24,urn:mavedb:00000051-a-1,0.9565526788706452,-0.9565526788706452,0.04344732112935479,0.7740262766006129,0.9623418530741836,-0.9623418530741836,0.03765814692581648,0.7730983978944708,R357
G,G358,R,p.Gly358Arg,358,25,urn:mavedb:00000051-a-1,1.4557835227446776,-1.4557835227446776,-0.4557835227446776,0.5985471492656401,1.4435369558559759,-1.4435369558559759,-0.4435369558559761,0.6274671496634692,L358
G,G359,R,p.Gly359Arg,359,26,urn:mavedb:00000051-a-1,1.102890882096723,-1.102890882096723,-0.10289088209672292,0.7462050017663766,1.4435369558559759,-1.4435369558559759,-0.4435369558559761,0.6274671496634692,K359
A,A349,K,p.Ala349Lys,349,40,urn:mavedb:00000051-a-1,3.251927251712163,-3.251927251712163,-2.251927251712163,0.13969524783853887,2.7863219783836177,-2.7863219783836177,-1.7863219783836175,0.2340796803127343,A349
I,I351,K,p.Ile351Lys,351,41,urn:mavedb:00000051-a-1,3.6718108232857727,-3.6718108232857727,-2.6718108232857727,0.07577635399858601,4.5146989476474575,-4.5146989476474575,-3.5146989476474584,0.03235938328079318,I351
W,W353,K,p.Trp353Lys,353,42,urn:mavedb:00000051-a-1,2.532443862936189,-2.532443862936189,-1.532443862936189,0.30473308279081673,1.918859925776779,-1.918859925776779,-0.9188599257767792,0.4595207804533567,W353
L,L354,K,p.Leu354Lys,354,43,urn:mavedb:00000051-a-1,4.84129811302313,-4.84129811302313,-3.8412981130231296,0.024358763222126614,2.9608486128082427,-2.9608486128082427,-1.9608486128082427,0.2024601789034817,L354
A,A355,K,p.Ala355Lys,355,44,urn:mavedb:00000051-a-1,4.069211217810591,-4.069211217810591,-3.0692112178105915,0.047700035206267984,3.7693323432079495,-3.7693323432079495,-2.769332343207949,0.06662981067590584,A355
T,T356,K,p.Thr356Lys,356,45,urn:mavedb:00000051-a-1,3.3291345751108854,-3.3291345751108854,-2.3291345751108854,0.12786240344762953,2.6856062097073,-2.6856062097073,-1.6856062097073001,0.268658056301659,R356
S,S357,K,p.Ser357Lys,357,46,urn:mavedb:00000051-a-1,2.014368254237949,-2.014368254237949,-1.014368254237949,0.4324793277508052,2.0201574284414874,-2.0201574284414874,-1.0201574284414874,0.4310513674200824,R357
G,G358,K,p.Gly358Lys,358,47,urn:mavedb:00000051-a-1,4.281144719432773,-4.281144719432773,-3.281144719432773,0.03783298668293806,4.268898152544072,-4.268898152544072,-3.268898152544072,0.03821415578922603,L358
G,G359,K,p.Gly359Lys,359,48,urn:mavedb:00000051-a-1,2.5708494813250944,-2.5708494813250944,-1.5708494813250944,0.2909845860784948,2.911495555084348,-2.911495555084348,-1.911495555084348,0.2087219214816121,K359
A,A349,D,p.Ala349Asp,349,60,urn:mavedb:00000051-a-1,3.8657187112429203,-3.8657187112429203,-2.8657187112429203,0.05950581917522221,3.400113437914375,-3.400113437914375,-2.400113437914375,0.11264125276509653,A349
I,I352,D,p.Ile352Asp,352,61,urn:mavedb:00000051-a-1,3.6457650238966637,-3.6457650238966637,-2.645765023896664,0.07850795230319119,2.857953128269568,-2.857953128269568,-1.857953128269568,0.21524746886711169,I352
W,W353,D,p.Trp353Asp,353,62,urn:mavedb:00000051-a-1,3.6835986616592353,-3.6835986616592353,-2.6835986616592358,0.07467077264126439,3.070014724499825,-3.070014724499825,-2.070014724499825,0.17017956493924322,W353
A,A355,D,p.Ala355Asp,355,63,urn:mavedb:00000051-a-1,0.25960712898737703,-0.25960712898737703,0.7403928710126229,0.9532385423182896,-0.04027174561526448,0.04027174561526448,1.0402717456152644,1.0155608677173775,A355
S,S357,D,p.Ser357Asp,357,64,urn:mavedb:00000051-a-1,3.538511865094397,-3.538511865094397,-2.538511865094397,0.09019078813852176,3.5443010392979355,-3.5443010392979355,-2.5443010392979355,0.0894287982280386,R357
G,G359,D,p.Gly359Asp,359,65,urn:mavedb:00000051-a-1,1.6274954240148427,-1.6274954240148427,-0.6274954240148427,0.5309336624605007,1.968141497774096,-1.968141497774096,-0.968141497774096,0.4439272511844428,K359
A,A349,E,p.Ala349Glu,349,80,urn:mavedb:00000051-a-1,1.0259078774913042,-1.0259078774913042,-0.025907877491304188,0.7601950353097674,0.5603026041627592,-0.5603026041627592,0.4396973958372408,0.8817968083154374,A349
W,W353,E,p.Trp353Glu,353,81,urn:mavedb:00000051-a-1,4.683902710041973,-4.683902710041973,-3.683902710041973,0.02839390469974605,4.070318772882563,-4.070318772882563,-3.0703187728825627,0.04764742218041088,W353
L,L354,E,p.Leu354Glu,354,82,urn:mavedb:00000051-a-1,3.19177146602492,-3.19177146602492,-2.19177146602492,0.14978057175146384,1.3113219658100328,-1.3113219658100328,-0.3113219658100328,0.6871208151185155,L354
T,T356,E,p.Thr356Glu,356,83,urn:mavedb:00000051-a-1,4.082544155209331,-4.082544155209331,-3.082544155209331,0.04706667060177735,3.4390157898057456,-3.4390157898057456,-2.4390157898057456,0.10442294011464416,R356
G,G358,E,p.Gly358Glu,358,84,urn:mavedb:00000051-a-1,1.4184971425752544,-1.4184971425752544,-0.4184971425752544,0.6546373518650624,1.4062505756865529,-1.4062505756865529,-0.4062505756865529,0.6586263418634313,L358
G,G359,E,p.Gly359Glu,359,85,urn:mavedb:00000051-a-1,1.2369989457858723,-1.2369989457858723,-0.23699894578587236,0.7166575998380736,1.5776450195451257,-1.5776450195451257,-0.5776450195451255,0.5576169269202667,K359
A,A349,H,p.Ala349His,349,97,urn:mavedb:00000051-a-1,3.614933555539391,-3.614933555539391,-2.614933555539391,0.08178575610110138,3.1493282822108464,-3.1493282822108464,-2.1493282822108464,0.15595272658659934,A349
F,F350,H,p.Phe350His,350,98,urn:mavedb:00000051-a-1,3.4875586519716335,-3.4875586519716335,-2.4875586519716335,0.09689741553323973,1.7859579649074306,-1.7859579649074306,-0.7859579649074306,0.4888450023688685,F350
I,I351,H,p.Ile351His,351,99,urn:mavedb:00000051-a-1,1.1307219047247836,-1.1307219047247836,-0.13072190472478362,0.7390016791085761,1.973610029086469,-1.973610029086469,-0.9736100290864692,0.4425327700243872,I351
I,I352,H,p.Ile352His,352,100,urn:mavedb:00000051-a-1,2.2313488514830717,-2.2313488514830717,-1.2313488514830722,0.3822859497927728,1.4435369558559759,-1.4435369558559759,-0.4435369558559761,0.6274671496634692,I352
W,W353,H,p.Trp353His,353,101,urn:mavedb:00000051-a-1,2.283830011221061,-2.283830011221061,-1.283830011221061,0.3590783444041643,1.6702460740616512,-1.6702460740616512,-0.6702460740616512,0.5169815935878279,W353
L,L354,H,p.Leu354His,354,102,urn:mavedb:00000051-a-1,3.6059056078439484,-3.6059056078439484,-2.6059056078439493,0.08274554954656907,1.7254561076290615,-1.7254561076290615,-0.725456107629062,0.5054658966216724,L354
A,A355,H,p.Ala355His,355,103,urn:mavedb:00000051-a-1,3.4786282048483947,-3.4786282048483947,-2.4786282048483947,0.0980728699874954,3.178749330245753,-3.178749330245753,-2.178749330245753,0.1519637775041706,A355
T,T356,H,p.Thr356His,356,104,urn:mavedb:00000051-a-1,2.3838366129625066,-2.3838366129625066,-1.3838366129625066,0.3306639594912778,1.7403082475589209,-1.7403082475589209,-0.7403082475589211,0.5006162308259398,R356
S,S357,H,p.Ser357His,357,105,urn:mavedb:00000051-a-1,2.575186084926589,-2.575186084926589,-1.5751860849265888,0.29042143401597736,2.5809752591301267,-2.5809752591301267,-1.5809752591301272,0.2896696508943032,R357
G,G358,H,p.Gly358His,358,106,urn:mavedb:00000051-a-1,3.2431046023752086,-3.2431046023752086,-2.2431046023752086,0.1411743952774228,3.2308580354865066,-3.2308580354865066,-2.2308580354865066,0.14322757424404792,L358
G,G359,H,p.Gly359His,359,107,urn:mavedb:00000051-a-1,0.405990490001478,-0.405990490001478,0.5940095099985221,0.9198780402396324,0.7466365637607311,-0.7466365637607311,0.2533634362392689,0.821313433340278,K359
A,A349,N,p.Ala349Asn,349,118,urn:mavedb:00000051-a-1,2.551596786626454,-2.551596786626454,-1.5515967866264542,0.29768774903894624,2.085991513297909,-2.085991513297909,-1.085991513297909,0.4119340398113711,A349
F,F350,N,p.Phe350Asn,350,119,urn:mavedb:00000051-a-1,4.734996885274554,-4.734996885274554,-3.734996885274554,0.027196455809521857,3.0333961982103514,-3.0333961982103514,-2.0333961982103514,0.1813411013943891,F350
I,I351,N,p.Ile351Asn,351,120,urn:mavedb:00000051-a-1,1.8501457445754887,-1.8501457445754887,-0.8501457445754887,0.4766924657115422,2.6930338689371744,-2.6930338689371744,-1.6930338689371744,0.2657420481048393,I351
I,I352,N,p.Ile352Asn,352,121,urn:mavedb:00000051-a-1,1.1497647433379394,-1.1497647433379394,-0.14976474333793946,0.7344145462313941,0.36195284771084335,-0.36195284771084335,0.6380471522891566,0.9302185135163198,I352
W,W353,N,p.Trp353Asn,353,122,urn:mavedb:00000051-a-1,1.84228307711402,-1.84228307711402,-0.84228307711402,0.4780094487495805,1.22869913995461,-1.22869913995461,-0.2286991399546101,0.7189024721221886,W353
L,L354,N,p.Leu354Asn,354,123,urn:mavedb:00000051-a-1,3.9747111517962037,-3.9747111517962037,-2.9747111517962037,0.05266585981950007,2.0942616515813173,-2.0942616515813173,-1.0942616515813173,0.4076022024085084,L354
T,T356,N,p.Thr356Asn,356,124,urn:mavedb:00000051-a-1,-0.11782454002337288,0.11782454002337288,1.1178245400233728,1.0281367414455658,-0.7613529054269583,0.7613529054269583,1.7613529054269583,1.1438059970987584,R356
S,S357,N,p.Ser357Asn,357,125,urn:mavedb:00000051-a-1,1.4377477816524378,-1.4377477816524378,-0.4377477816524378,0.6483669736081209,1.4435369558559759,-1.4435369558559759,-0.4435369558559761,0.6274671496634692,R357
G,G358,N,p.Gly358Asn,358,126,urn:mavedb:00000051-a-1,2.6829780663600062,-2.6829780663600062,-1.6829780663600062,0.2699068641521541,2.6707314994713047,-2.6707314994713047,-1.6707314994713047,0.2757260326111245,L358
A,A349,Q,p.Ala349Gln,349,137,urn:mavedb:00000051-a-1,2.9887602114383687,-2.9887602114383687,-1.988760211438369,0.19147541366148105,2.5231549381098235,-2.5231549381098235,-1.5231549381098235,0.30616638339854785,A349
F,F350,Q,p.Phe350Gln,350,138,urn:mavedb:00000051-a-1,3.7223829694935486,-3.7223829694935486,-2.7223829694935486,0.07103319242174158,2.0207822824293458,-2.0207822824293458,-1.0207822824293462,0.4309006377434793,F350
L,L354,Q,p.Leu354Gln,354,139,urn:mavedb:00000051-a-1,0.4423653558593871,-0.4423653558593871,0.5576346441406129,0.9100086794973348,-1.4380841443555001,1.4380841443555001,2.4380841443555,1.1994735647091197,L354
A,A355,Q,p.Ala355Gln,355,140,urn:mavedb:00000051-a-1,3.5402684562186275,-3.5402684562186275,-2.5402684562186275,0.0899595799097748,3.2403895816159864,-3.2403895816159864,-2.240389581615986,0.14162957782510718,A355
T,T356,Q,p.Thr356Gln,356,141,urn:mavedb:00000051-a-1,3.5388635842531766,-3.5388635842531766,-2.5388635842531766,0.09014449372054596,2.895335218849591,-2.895335218849591,-1.8953352188495907,0.21069148181234407,R356
G,G358,Q,p.Gly358Gln,358,142,urn:mavedb:00000051-a-1,3.3192728818837582,-3.3192728818837582,-2.3192728818837582,0.1293709251431531,3.3070263149950567,-3.3070263149950567,-2.3070263149950567,0.13124425575908308,L358
A,A349,S,p.Ala349Ser,349,158,urn:mavedb:00000051-a-1,1.909142229184521,-1.909142229184521,-0.909142229184521,0.4635530125782954,1.4435369558559759,-1.4435369558559759,-0.4435369558559761,0.6274671496634692,A349
F,F350,S,p.Phe350Ser,350,159,urn:mavedb:00000051-a-1,2.0969904304848384,-2.0969904304848384,-1.0969904304848384,0.4061728881560334,0.3953897434206359,-0.3953897434206359,0.6046102565793641,0.9229264366927946,F350
I,I351,S,p.Ile351Ser,351,160,urn:mavedb:00000051-a-1,-1.5606700734330454,1.5606700734330454,2.560670073433045,1.205967143892812,-0.7177819490713597,0.7177819490713597,1.7177819490713595,1.133604586346502,I351
I,I352,S,p.Ile352Ser,352,161,urn:mavedb:00000051-a-1,2.381229641893788,-2.381229641893788,-1.3812296418937882,0.3315510969490487,1.593417746266692,-1.593417746266692,-0.5934177462666921,0.5477449419678362,I352
W,W353,S,p.Trp353Ser,353,162,urn:mavedb:00000051-a-1,0.15205898188179348,-0.15205898188179348,0.8479410181182065,0.971238770266348,-0.4615249552776164,0.4615249552776164,1.4615249552776164,1.0926865861863464,W353
A,A355,S,p.Ala355Ser,355,163,urn:mavedb:00000051-a-1,1.3817190684484335,-1.3817190684484335,-0.3817190684484335,0.6686615609545135,1.081840193845792,-1.081840193845792,-0.081840193845792,0.7504289017281933,A355
T,T356,S,p.Thr356Ser,356,164,urn:mavedb:00000051-a-1,1.7902940295566168,-1.7902940295566168,-0.7902940295566168,0.4879417909166593,1.1467656641530313,-1.1467656641530313,-0.14676566415303127,0.7349584022370793,R356
G,G358,S,p.Gly358Ser,358,165,urn:mavedb:00000051-a-1,0.8912055113230944,-0.8912055113230944,0.10879448867690557,0.7841036041770473,0.8789589444343929,-0.8789589444343929,0.12104105556560707,0.7860437675671178,L358
G,G359,S,p.Gly359Ser,359,166,urn:mavedb:00000051-a-1,1.9534821099333053,-1.9534821099333053,-0.9534821099333052,0.4482996748728817,2.2941281836925587,-2.2941281836925587,-1.2941281836925589,0.3549105696523305,K359
A,A349,T,p.Ala349Thr,349,182,urn:mavedb:00000051-a-1,1.912932732342712,-1.912932732342712,-0.912932732342712,0.46198019247025496,1.447327459014167,-1.447327459014167,-0.4473274590141669,0.6053869805316245,A349
F,F350,T,p.Phe350Thr,350,183,urn:mavedb:00000051-a-1,3.210161968714569,-3.210161968714569,-2.210161968714569,0.146697340863068,1.5085612816503664,-1.5085612816503664,-0.5085612816503664,0.5832119894824057,F350
I,I351,T,p.Ile351Thr,351,184,urn:mavedb:00000051-a-1,1.2204098538434736,-1.2204098538434736,-0.2204098538434736,0.7211444991074344,2.0632979782051595,-2.0632979782051595,-1.063297978205159,0.4208082315990821,I351
I,I352,T,p.Ile352Thr,352,185,urn:mavedb:00000051-a-1,1.6885487633986969,-1.6885487633986969,-0.6885487633986969,0.5133711516750492,0.9007368677716008,-0.9007368677716008,0.09926313222839922,0.7826337531523726,I352
W,W353,T,p.Trp353Thr,353,186,urn:mavedb:00000051-a-1,3.5803334035636505,-3.5803334035636505,-2.5803334035636505,0.08546422214884636,2.9667494664042406,-2.9667494664042406,-1.9667494664042409,0.2001378650747965,W353
L,L354,T,p.Leu354Thr,354,187,urn:mavedb:00000051-a-1,3.619803757684021,-3.619803757684021,-2.6198037576840214,0.08126798747259252,1.7393542574691343,-1.7393542574691343,-0.7393542574691345,0.5009277369879982,L354
A,A355,T,p.Ala355Thr,355,188,urn:mavedb:00000051-a-1,0.6055232883527021,-0.6055232883527021,0.3944767116472979,0.8605542490711293,0.3056444137500606,-0.3056444137500606,0.6943555862499394,0.942376529471356,A355
S,S357,T,p.Ser357Thr,357,189,urn:mavedb:00000051-a-1,1.2703713726246038,-1.2703713726246038,-0.27037137262460376,0.7025342779090866,1.276160546828142,-1.276160546828142,-0.2761605468281421,0.6973904706277803,R357
G,G358,T,p.Gly358Thr,358,190,urn:mavedb:00000051-a-1,3.0034688425075364,-3.0034688425075364,-2.0034688425075364,0.1877264401727851,2.991222275618835,-2.991222275618835,-1.9912222756188351,0.1905064545777842,L358
G,G359,T,p.Gly359Thr,359,191,urn:mavedb:00000051-a-1,2.352412948712894,-2.352412948712894,-1.3524129487128942,0.341357254077762,2.693059022472148,-2.693059022472148,-1.6930590224721476,0.2657369506202834,K359
A,A349,P,p.Ala349Pro,349,206,urn:mavedb:00000051-a-1,2.092824112680279,-2.092824112680279,-1.0928241126802791,0.4083551746764668,1.6272188393517342,-1.6272188393517342,-0.6272188393517342,0.5310411007920806,A349
F,F350,P,p.Phe350Pro,350,207,urn:mavedb:00000051-a-1,4.1324498814862825,-4.1324498814862825,-3.1324498814862825,0.04469596115944502,2.43084919442208,-2.43084919442208,-1.4308491944220803,0.3212314387316469,F350
I,I351,P,p.Ile351Pro,351,208,urn:mavedb:00000051-a-1,2.2375370432920985,-2.2375370432920985,-1.2375370432920985,0.3808445956242593,3.0804251676537837,-3.0804251676537837,-2.080425167653784,0.16606933951746555,I351
I,I352,P,p.Ile352Pro,352,209,urn:mavedb:00000051-a-1,3.1756043494193564,-3.1756043494193564,-2.1756043494193564,0.15241651379585605,2.3877924537922603,-2.3877924537922603,-1.3877924537922603,0.3294326722076565,I352
W,W353,P,p.Trp353Pro,353,210,urn:mavedb:00000051-a-1,4.288831786687669,-4.288831786687669,-3.2888317866876693,0.03765283170222738,3.675247849528259,-3.675247849528259,-2.6752478495282594,0.07545399530838945,W353
L,L354,P,p.Leu354Pro,354,211,urn:mavedb:00000051-a-1,2.123502925332684,-2.123502925332684,-1.123502925332684,0.40194350088007497,0.24305342511779715,-0.24305342511779715,0.7569465748822028,0.956021409831606,L354
A,A355,P,p.Ala355Pro,355,212,urn:mavedb:00000051-a-1,2.2274012666728216,-2.2274012666728216,-1.2274012666728216,0.3832054215863774,1.9275223920701798,-1.9275223920701798,-0.92752239207018,0.4560426233890589,A355
T,T356,P,p.Thr356Pro,356,213,urn:mavedb:00000051-a-1,1.0746295067255134,-1.0746295067255134,-0.07462950672551337,0.7516879329684742,0.4311011413219279,-0.4311011413219279,0.5688988586780721,0.9126611660717012,R356
S,S357,P,p.Ser357Pro,357,214,urn:mavedb:00000051-a-1,3.9484828466831874,-3.9484828466831874,-2.9484828466831874,0.054311850495842515,3.9542720208867257,-3.9542720208867257,-2.9542720208867257,0.05394854349900508,R357
G,G358,P,p.Gly358Pro,358,215,urn:mavedb:00000051-a-1,2.78716251815325,-2.78716251815325,-1.78716251815325,0.2335008571912687,2.7749159512645485,-2.7749159512645485,-1.7749159512645485,0.24171082260352506,L358
G,G359,P,p.Gly359Pro,359,216,urn:mavedb:00000051-a-1,1.4007082046278416,-1.4007082046278416,-0.4007082046278416,0.6607809010744168,1.7413542783870948,-1.7413542783870948,-0.7413542783870948,0.5002746706229904,K359
A,A349,C,p.Ala349Cys,349,228,urn:mavedb:00000051-a-1,0.12272920307601627,-0.12272920307601627,0.8772707969239837,0.9761768044523524,-0.3428760702525287,0.3428760702525287,1.3428760702525286,1.065686634584795,A349
F,F350,C,p.Phe350Cys,350,229,urn:mavedb:00000051-a-1,1.6866600794331523,-1.6866600794331523,-0.6866600794331523,0.5137437189859849,-0.014940607631050097,0.014940607631050097,1.01494060763105,1.0041447218828583,F350
I,I351,C,p.Ile351Cys,351,230,urn:mavedb:00000051-a-1,1.0630393060314258,-1.0630393060314258,-0.06303930603142582,0.7537116547735632,1.9059274303931115,-1.9059274303931115,-0.9059274303931116,0.4648869516284467,I351
I,I352,C,p.Ile352Cys,352,231,urn:mavedb:00000051-a-1,3.872114823356179,-3.872114823356179,-2.872114823356179,0.05910442301722034,3.0843029277290834,-3.0843029277290834,-2.084302927729083,0.16470378847178735,I352
W,W353,C,p.Trp353Cys,353,232,urn:mavedb:00000051-a-1,0.4843787310195084,-0.4843787310195084,0.5156212689804915,0.9001154096927284,-0.12920520613990144,0.12920520613990144,1.1292052061399014,1.0304962873967316,W353
L,L354,C,p.Leu354Cys,354,233,urn:mavedb:00000051-a-1,4.266038554489161,-4.266038554489161,-3.266038554489161,0.0383499974373854,2.3855890542742744,-2.3855890542742744,-1.3855890542742744,0.33006761365956955,L354
A,A355,C,p.Ala355Cys,355,234,urn:mavedb:00000051-a-1,-0.6569811155341271,0.6569811155341271,1.6569811155341272,1.1230686806718349,-0.9568599901367686,0.9568599901367686,1.9568599901367687,1.1687220094346809,A355
T,T356,C,p.Thr356Cys,356,235,urn:mavedb:00000051-a-1,3.2065811302783955,-3.2065811302783955,-2.2065811302783955,0.14729768071560387,2.56305276487481,-2.56305276487481,-1.56305276487481,0.292967617641345,R356
S,S357,C,p.Ser357Cys,357,236,urn:mavedb:00000051-a-1,0.7646087774367554,-0.7646087774367554,0.23539122256324466,0.814739935040994,0.7703979516402937,-0.7703979516402937,0.2296020483597063,0.8126224926676048,R357
G,G358,C,p.Gly358Cys,358,237,urn:mavedb:00000051-a-1,0.6997891832023243,-0.6997891832023243,0.3002108167976757,0.8337082014484417,0.6875426163136228,-0.6875426163136228,0.3124573836863772,0.8367703502629199,L358
G,G359,C,p.Gly359Cys,359,238,urn:mavedb:00000051-a-1,1.4863333820018234,-1.4863333820018234,-0.4863333820018234,0.5888710564828519,1.8269794557610768,-1.8269794557610768,-0.8269794557610766,0.4805727785407938,K359
A,A349,G,p.Ala349Gly,349,253,urn:mavedb:00000051-a-1,2.8357440006440093,-2.8357440006440093,-1.835744000644009,0.2196870370711098,2.3701387273154646,-2.3701387273154646,-1.3701387273154646,0.3353252722291009,A349
F,F350,G,p.Phe350Gly,350,254,urn:mavedb:00000051-a-1,4.0136599291084964,-4.0136599291084964,-3.013659929108496,0.050338930068331324,2.312059242044293,-2.312059242044293,-1.3120592420442931,0.3508325340748916,F350
I,I351,G,p.Ile351Gly,351,255,urn:mavedb:00000051-a-1,0.2496096608936987,-0.2496096608936987,0.7503903391063013,0.954919231388996,1.0924977852553843,-1.0924977852553843,-0.09249778525538432,0.7485680193591482,I351
I,I352,G,p.Ile352Gly,352,256,urn:mavedb:00000051-a-1,4.2412836099080335,-4.2412836099080335,-3.241283609908033,0.0395259502837023,3.453471714280937,-3.453471714280937,-2.453471714280937,0.10138404897807599,I352
W,W353,G,p.Trp353Gly,353,257,urn:mavedb:00000051-a-1,1.91117208084469,-1.91117208084469,-0.91117208084469,0.4627107519669162,1.29758814368528,-1.29758814368528,-0.2975881436852801,0.6910780368473779,W353
L,L354,G,p.Leu354Gly,354,258,urn:mavedb:00000051-a-1,2.5329840085997866,-2.5329840085997866,-1.5329840085997866,0.3046497371806014,0.6525345083848997,-0.6525345083848997,0.3474654916151003,0.8493787160657911,L354
A,A355,G,p.Ala355Gly,355,259,urn:mavedb:00000051-a-1,2.1051125924688017,-2.1051125924688017,-1.1051125924688017,0.4046074490515134,1.80523371786616,-1.80523371786616,-0.8052337178661602,0.4848298221926347,A355
T,T356,G,p.Thr356Gly,356,260,urn:mavedb:00000051-a-1,3.8273218625352974,-3.8273218625352974,-2.8273218625352974,0.0619154622955591,3.183793497131712,-3.183793497131712,-2.183793497131712,0.15111810561518166,R356
S,S357,G,p.Ser357Gly,357,261,urn:mavedb:00000051-a-1,0.06611240442136705,-0.06611240442136705,0.933887595578633,0.9911431921701519,0.07190157862490536,-0.07190157862490536,0.9280984213750948,0.9903676402315558,R357
F,F350,A,p.Phe350Ala,350,275,urn:mavedb:00000051-a-1,3.7769517140061386,-3.7769517140061386,-2.7769517140061386,0.06591518989115172,2.075351026941936,-2.075351026941936,-1.0753510269419362,0.4175074480425157,F350
I,I351,A,p.Ile351Ala,351,276,urn:mavedb:00000051-a-1,-1.665237185719962,1.665237185719962,2.665237185719962,1.2171474695338966,-0.8223490613582762,0.8223490613582762,1.822349061358276,1.1562242331112371,I351
I,I352,A,p.Ile352Ala,352,277,urn:mavedb:00000051-a-1,1.9385515196742096,-1.9385515196742096,-0.9385515196742096,0.4527529895160478,1.1507396240471135,-1.1507396240471135,-0.1507396240471135,0.7342377603928678,I352
W,W353,A,p.Trp353Ala,353,278,urn:mavedb:00000051-a-1,0.3629857580550943,-0.3629857580550943,0.6370142419449056,0.9300175110496112,-0.25059817910431553,0.25059817910431553,1.2505981791043157,1.0521304881013094,W353
L,L354,A,p.Leu354Ala,354,279,urn:mavedb:00000051-a-1,2.8884068951839894,-2.8884068951839894,-1.8884068951839892,0.2115358795558076,1.0079573949691023,-1.0079573949691023,-0.007957394969102527,0.7637940274231041,L354
T,T356,A,p.Thr356Ala,356,280,urn:mavedb:00000051-a-1,1.2225579146730725,-1.2225579146730725,-0.2225579146730725,0.7205635069349673,0.579029549269487,-0.579029549269487,0.420970450730513,0.8766884886536455,R356
S,S357,A,p.Ser357Ala,357,281,urn:mavedb:00000051-a-1,1.7489193977507018,-1.7489193977507018,-0.7489193977507018,0.4978044339573258,1.75470857195424,-1.75470857195424,-0.7547085719542401,0.4959140962515791,R357
G,G358,A,p.Gly358Ala,358,282,urn:mavedb:00000051-a-1,0.6439331421954776,-0.6439331421954776,0.3560668578045224,0.8514234375530243,0.6316865753067761,-0.6316865753067761,0.3683134246932239,0.854334698149389,L358
G,G359,A,p.Gly359Ala,359,283,urn:mavedb:00000051-a-1,-0.04020269467346575,0.04020269467346575,1.0402026946734657,1.0155499615420571,0.3004433790857874,-0.3004433790857874,0.6995566209142126,0.9437750627334918,K359
A,A349,V,p.Ala349Val,349,297,urn:mavedb:00000051-a-1,-1.2031195326155528,1.2031195326155528,2.2031195326155526,1.1883697054618103,-1.6687248059440978,1.6687248059440978,2.6687248059440978,1.2174169909463501,A349
F,F350,V,p.Phe350Val,350,298,urn:mavedb:00000051-a-1,1.1743611206636422,-1.1743611206636422,-0.17436112066364218,0.7299542146756302,-0.5272395664005602,0.5272395664005602,1.5272395664005602,1.1070789913365733,F350
I,I351,V,p.Ile351Val,351,299,urn:mavedb:00000051-a-1,0.4227237085497833,-0.4227237085497833,0.5772762914502167,0.9150661636719172,1.265611832911469,-1.265611832911469,-0.2656118329114689,0.7067632325356596,I351
I,I352,V,p.Ile352Val,352,300,urn:mavedb:00000051-a-1,0.3785547856175061,-0.3785547856175061,0.6214452143824939,0.9269878067178496,-0.40925711000959003,0.40925711000959003,1.40925711000959,1.0782167697698564,I352
W,W353,V,p.Trp353Val,353,301,urn:mavedb:00000051-a-1,3.161039259944363,-3.161039259944363,-2.161039259944363,0.1543766722659604,2.547455322784953,-2.547455322784953,-1.5474553227849532,0.2993941291565153,W353
L,L354,V,p.Leu354Val,354,302,urn:mavedb:00000051-a-1,2.1819886698561293,-2.1819886698561293,-1.1819886698561293,0.3934714958689838,0.3015391696412424,-0.3015391696412424,0.6984608303587576,0.943480409911686,L354
A,A355,V,p.Ala355Val,355,303,urn:mavedb:00000051-a-1,-0.39488768488183057,0.39488768488183057,1.3948876848818306,1.0753346693958794,-0.6947665594844721,0.6947665594844721,1.694766559484472,1.1287807287624316,A355
S,S357,V,p.Ser357Val,357,304,urn:mavedb:00000051-a-1,0.09741272889050832,-0.09741272889050832,0.9025872711094916,0.9844036090720351,0.10320190309404664,-0.10320190309404664,0.8967980969059534,0.982522367445226,R357
G,G358,V,p.Gly358Val,358,305,urn:mavedb:00000051-a-1,-0.5366140797179889,0.5366140797179889,1.5366140797179888,1.1080908131939815,-0.5488606466066904,0.5488606466066904,1.5488606466066903,1.1094126251789482,L358
G,G359,V,p.Gly359Val,359,306,urn:mavedb:00000051-a-1,-1.0521716251439979,1.0521716251439979,2.0521716251439983,1.180035824081727,-0.7115255513847449,0.7115255513847449,1.7115255513847452,1.1322932910796721,K359
A,A349,I,p.Ala349Ile,349,316,urn:mavedb:00000051-a-1,-1.9239936536054507,1.9239936536054507,2.923993653605451,1.2318834274050146,-2.389598926933996,2.389598926933996,3.389598926933996,1.2425700516097826,A349
F,F350,I,p.Phe350Ile,350,317,urn:mavedb:00000051-a-1,1.4533707296317693,-1.4533707296317693,-0.4533707296317693,0.6004987780964963,-0.24822995743243315,0.24822995743243315,1.2482299574324331,1.051748057497198,F350
L,L354,I,p.Leu354Ile,354,318,urn:mavedb:00000051-a-1,3.4562014461168062,-3.4562014461168062,-2.4562014461168062,0.10102475280834156,1.5757519459019194,-1.5757519459019194,-0.5757519459019194,0.5581270300123716,L354
T,T356,I,p.Thr356Ile,356,319,urn:mavedb:00000051-a-1,-1.0588663770480384,1.0588663770480384,2.0588663770480378,1.1804054434369862,-1.702394742451624,1.702394742451624,2.702394742451624,1.2200189855046804,R356
S,S357,I,p.Ser357Ile,357,320,urn:mavedb:00000051-a-1,0.421407991099693,-0.421407991099693,0.5785920089003069,0.9154445170621838,0.4271971653032313,-0.4271971653032313,0.5728028346967686,0.913779757134737,R357
G,G358,I,p.Gly358Ile,358,321,urn:mavedb:00000051-a-1,1.6079010134158322,-1.6079010134158322,-0.6079010134158322,0.5401010930566791,1.5956544465271307,-1.5956544465271307,-0.5956544465271307,0.5463450146309887,L358
A,A349,L,p.Ala349Leu,349,335,urn:mavedb:00000051-a-1,-1.3693470074768552,1.3693470074768552,2.369347007476855,1.1964030333765978,-1.8349522808054,1.8349522808054,2.8349522808054,1.2297893012678245,A349
F,F350,L,p.Phe350Leu,350,336,urn:mavedb:00000051-a-1,1.0159554284344965,-1.0159554284344965,-0.015955428434496488,0.7621626390122013,-0.6856452586297059,0.6856452586297059,1.685645258629706,1.127262733036814,F350
I,I351,L,p.Ile351Leu,351,337,urn:mavedb:00000051-a-1,-0.9376952360271932,0.9376952360271932,1.937695236027193,1.1661399894108375,-0.09480711166550748,0.09480711166550748,1.0948071116655074,1.024174396335619,I351
I,I352,L,p.Ile352Leu,352,338,urn:mavedb:00000051-a-1,-0.7578340214595055,0.7578340214595055,1.7578340214595056,1.1426506303171269,-1.5456459170866017,1.5456459170866017,2.5456459170866017,1.2043470420123739,I352
W,W353,L,p.Trp353Leu,353,339,urn:mavedb:00000051-a-1,1.2733014934876237,-1.2733014934876237,-0.2733014934876237,0.6999308017481694,0.6597175563282138,-0.6597175563282138,0.3402824436717862,0.8468246618568716,W353
A,A355,L,p.Ala355Leu,355,340,urn:mavedb:00000051-a-1,-0.4707407332335382,0.4707407332335382,1.4707407332335385,1.0962425530552709,-0.7706196078361798,0.7706196078361798,1.7706196078361798,1.1468485640711017,A355
T,T356,L,p.Thr356Leu,356,341,urn:mavedb:00000051-a-1,-1.0164680552933842,1.0164680552933842,2.016468055293384,1.176865722071025,-1.6599964206969695,1.6599964206969695,2.6599964206969697,1.2166778153121365,R356
S,S357,L,p.Ser357Leu,357,342,urn:mavedb:00000051-a-1,-1.0000822564875047,1.0000822564875047,2.000082256487505,1.1746270780814672,-0.9942930822839664,0.9942930822839664,1.9942930822839664,1.1738361553935477,R357
G,G358,L,p.Gly358Leu,358,343,urn:mavedb:00000051-a-1,-0.8774948851142478,0.8774948851142478,1.877494885114248,1.1609648545568505,-0.8897414520029493,0.8897414520029493,1.8897414520029487,1.1620176330570795,L358
G,G359,L,p.Gly359Leu,359,344,urn:mavedb:00000051-a-1,-0.728957093538816,0.728957093538816,1.7289570935388159,1.1359468150187089,-0.3883110197795629,0.3883110197795629,1.3883110197795627,1.0741147131553406,K359
A,A349,M,p.Ala349Met,349,358,urn:mavedb:00000051-a-1,-1.1770804959356456,1.1770804959356456,2.1770804959356456,1.1869320820685685,-1.6426857692641903,1.6426857692641903,2.6426857692641903,1.2148111534982442,A349
F,F350,M,p.Phe350Met,350,359,urn:mavedb:00000051-a-1,3.080113317125788,-3.080113317125788,-2.080113317125788,0.16619246357174525,1.3785126300615858,-1.3785126300615858,-0.37851263006158575,0.6699922613146823,F350
I,I351,M,p.Ile351Met,351,360,urn:mavedb:00000051-a-1,-0.7399968969847552,0.7399968969847552,1.7399968969847552,1.138260677201154,0.10289122737693046,-0.10289122737693046,0.8971087726230695,0.9826233241742736,I351
I,I352,M,p.Ile352Met,352,361,urn:mavedb:00000051-a-1,0.3332159845584066,-0.3332159845584066,0.6667840154415934,0.9358106546070308,-0.4545959110686895,0.4545959110686895,1.4545959110686897,1.0900556345048382,I352
W,W353,M,p.Trp353Met,353,362,urn:mavedb:00000051-a-1,2.057120893015386,-2.057120893015386,-1.057120893015386,0.4222745524809621,1.4435369558559759,-1.4435369558559759,-0.4435369558559761,0.6274671496634692,W353
L,L354,M,p.Leu354Met,354,363,urn:mavedb:00000051-a-1,0.7878150190920243,-0.7878150190920243,0.21218498090797566,0.8082184936740413,-1.0926344811228623,1.0926344811228623,2.0926344811228628,1.1822697910685884,L354
T,T356,M,p.Thr356Met,356,364,urn:mavedb:00000051-a-1,2.829273513934181,-2.829273513934181,-1.8292735139341807,0.221031012860749,2.185745148530596,-2.185745148530596,-1.1857451485305956,0.3929079682076387,R356
G,G358,M,p.Gly358Met,358,365,urn:mavedb:00000051-a-1,-0.6770020093703866,0.6770020093703866,1.6770020093703866,1.1259980784515966,-0.6892485762590881,0.6892485762590881,1.6892485762590883,1.1277899597805157,L358
G,G359,M,p.Gly359Met,359,366,urn:mavedb:00000051-a-1,-0.9096788035977932,0.9096788035977932,1.9096788035977927,1.1637315513577202,-0.56903272983854,0.56903272983854,1.56903272983854,1.1115898640426989,K359
A,A349,F,p.Ala349Phe,349,379,urn:mavedb:00000051-a-1,-0.4952745167148306,0.4952745167148306,1.4952745167148307,1.1036288990651115,-0.9608797900433756,0.9608797900433756,1.9608797900433756,1.169271198461518,A349
I,I351,F,p.Ile351Phe,351,380,urn:mavedb:00000051-a-1,0.7785739544387975,-0.7785739544387975,0.2214260455612025,0.8102741055757368,1.6214620788004832,-1.6214620788004832,-0.6214620788004832,0.5335002305729257,I351
I,I352,F,p.Ile352Phe,352,381,urn:mavedb:00000051-a-1,1.389926853375501,-1.389926853375501,-0.3899268533755009,0.6652552574361182,0.6021149577484048,-0.6021149577484048,0.3978850422515952,0.8613644792913904,I352
L,L354,F,p.Leu354Phe,354,382,urn:mavedb:00000051-a-1,3.4936430084911345,-3.4936430084911345,-2.4936430084911345,0.09609657276764998,1.6131935082762476,-1.6131935082762476,-0.6131935082762476,0.5375249657555664,L354
A,A355,F,p.Ala355Phe,355,383,urn:mavedb:00000051-a-1,0.17458267656731793,-0.17458267656731793,0.825417323432682,0.9674903833659572,-0.12529619803532355,0.12529619803532355,1.1252961980353235,1.029685835341308,A355
T,T356,F,p.Thr356Phe,356,384,urn:mavedb:00000051-a-1,-0.14141142860342598,0.14141142860342598,1.141411428603426,1.0330269953972948,-0.7849397940070115,0.7849397940070115,1.7849397940070115,1.151550358038049,R356
S,S357,F,p.Ser357Phe,357,385,urn:mavedb:00000051-a-1,1.920764417992468,-1.920764417992468,-0.920764417992468,0.4587305361170688,1.9265535921960064,-1.9265535921960064,-0.9265535921960062,0.4563315852178338,R357
G,G358,F,p.Gly358Phe,358,386,urn:mavedb:00000051-a-1,2.04690577481355,-2.04690577481355,-1.0469057748135502,0.4246994245152709,2.0346592079248484,-2.0346592079248484,-1.0346592079248484,0.42760652328573534,L358
G,G359,F,p.Gly359Phe,359,387,urn:mavedb:00000051-a-1,0.2503038492224627,-0.2503038492224627,0.7496961507775373,0.9548025303676742,0.5909499229817159,-0.5909499229817159,0.4090500770182841,0.8703264538287915,K359
A,A349,Y,p.Ala349Tyr,349,399,urn:mavedb:00000051-a-1,3.4039722596182123,-3.4039722596182123,-2.4039722596182123,0.11182605775290193,2.938366986289667,-2.938366986289667,-1.9383669862896669,0.20544693362472807,A349
F,F350,Y,p.Phe350Tyr,350,400,urn:mavedb:00000051-a-1,1.3391308432290892,-1.3391308432290892,-0.33913084322908915,0.6800837355103949,-0.3624698438351133,0.3624698438351133,1.3624698438351133,1.0693212344900782,F350
I,I351,Y,p.Ile351Tyr,351,401,urn:mavedb:00000051-a-1,-0.21704768897163607,0.21704768897163607,1.2170476889716362,1.0466906782814092,0.6258404353900496,-0.6258404353900496,0.3741595646099504,0.8557244457362089,I351
I,I352,Y,p.Ile352Tyr,352,402,urn:mavedb:00000051-a-1,3.546134180828781,-3.546134180828781,-2.5461341808287807,0.08918751418615604,2.7583222852016847,-2.7583222852016847,-1.758322285201685,0.25079182001348205,I352
T,T356,Y,p.Thr356Tyr,356,403,urn:mavedb:00000051-a-1,1.3407771382967022,-1.3407771382967022,-0.3407771382967022,0.6796950604690134,0.6972487728931167,-0.6972487728931167,0.3027512271068833,0.8343336608990747,R356
S,S357,Y,p.Ser357Tyr,357,404,urn:mavedb:00000051-a-1,2.9648278038081823,-2.9648278038081823,-1.9648278038081823,0.2008941461023278,2.9706169780117206,-2.9706169780117206,-1.9706169780117209,0.1986157843211335,R357
A,A349,W,p.Ala349Trp,349,416,urn:mavedb:00000051-a-1,0.5661682351902062,-0.5661682351902062,0.4338317648097938,0.8801967866282078,0.10056296186166123,-0.10056296186166123,0.8994370381383388,0.9833799139488416,A349
F,F350,W,p.Phe350Trp,350,417,urn:mavedb:00000051-a-1,1.559331131594304,-1.559331131594304,-0.5593311315943039,0.5618201304648233,-0.1422695554698985,0.1422695554698985,1.1422695554698985,1.0332049102708742,F350
I,I351,W,p.Ile351Trp,351,418,urn:mavedb:00000051-a-1,-2.6032571531621924,2.6032571531621924,3.603257153162192,1.2452925091962423,-1.7603690288005067,1.7603690288005067,2.7603690288005067,1.2244992071281804,I351
L,L354,W,p.Leu354Trp,354,419,urn:mavedb:00000051-a-1,4.153721895543503,-4.153721895543503,-3.153721895543504,0.04368546059477995,2.2732723953286165,-2.2732723953286165,-1.2732723953286165,0.3633675181649661,L354
A,A355,W,p.Ala355Trp,355,420,urn:mavedb:00000051-a-1,2.9644156016584,-2.9644156016584,-1.9644156016584,0.2010563705563124,2.6645367270557583,-2.6645367270557583,-1.6645367270557585,0.27866958606399506,A355
G,G358,W,p.Gly358Trp,358,421,urn:mavedb:00000051-a-1,-0.01634165570064431,0.01634165570064431,1.0163416557006444,1.005015007367522,-0.028588222589345826,0.028588222589345826,1.0285882225893461,1.0126221763373089,L358
G,G359,W,p.Gly359Trp,359,422,urn:mavedb:00000051-a-1,-1.2093500223311853,1.2093500223311853,2.209350022331185,1.1887136927558355,-0.8687039485719321,0.8687039485719321,1.868703948571932,1.1602091399902508,K359
